iteration,date,component,distance_km,fuel_l,runtime_ms,status
26,2026-09-06,feat(engine): khoi t,48.15,13.48,630,PASS
27,2026-09-07,feat(engine): thiet ,47.7,13.36,635,PASS
28,2026-09-07,test(engine): viet u,47.25,13.23,640,PASS
29,2026-09-07,feat(engine): tich h,46.8,13.1,645,PASS
30,2026-09-08,perf(engine): toi uu,46.35,12.98,650,PASS
31,2026-09-08,feat(engine): xay du,45.9,12.85,655,PASS
32,2026-09-08,feat(pricing): thiet,45.45,12.73,660,PASS
33,2026-09-09,feat(pricing): dat n,45.0,12.6,665,PASS
34,2026-09-09,feat(pricing): xay d,44.55,12.47,670,PASS
35,2026-09-09,docs(math): chung mi,44.1,12.35,675,PASS
36,2026-09-09,feat(engine): tich h,43.65,12.22,680,PASS
